instrument_key,stock
NSE_EQ|INE040A01034,HDFCBANK
NSE_EQ|INE009A01021,INFY
NSE_EQ|INE090A01021,ICICIBANK
NSE_EQ|INE467B01029,TCS
NSE_EQ|INE002A01018,RELIANCE
NSE_EQ|INE881D01027,OFSS
NSE_EQ|INE397D01024,BHARTIARTL
NSE_EQ|INE758T01015,ETERNAL
NSE_EQ|INE494B01023,TVSMOTOR
NSE_EQ|INE238A01034,AXISBANK
NSE_EQ|INE423A01024,ADANIENT
NSE_EQ|INE075A01022,WIPRO
NSE_EQ|INE101A01026,M&M
NSE_EQ|INE296A01032,BAJFINANCE
NSE_EQ|INE038A01020,HINDALCO
NSE_EQ|INE237A01036,KOTAKBANK
NSE_EQ|INE019A01038,JSWSTEEL
NSE_EQ|INE849A01020,TRENT
NSE_EQ|INE062A01020,SBIN
NSE_EQ|INE095A01012,INDUSINDBK
NSE_EQ|INE158A01026,HEROMOTOCO
NSE_EQ|INE364U01010,ADANIGREEN
NSE_EQ|INE646L01027,INDIGO
NSE_EQ|INE931S01010,ADANIENSOL
NSE_EQ|INE047A01021,GRASIM
NSE_EQ|INE476A01022,CANBK
NSE_INDEX|Nifty 50,NIFTY
NSE_INDEX|NIFTY MID SELECT,MIDCPNIFTY
NSE_INDEX|Nifty Fin Service,FINNIFTY
NSE_EQ|INE059A01026,CIPLA
NSE_EQ|INE584A01023,NMDC
NSE_EQ|INE917I01010,BAJAJ-AUTO
NSE_EQ|INE066A01021,EICHERMOT
NSE_EQ|INE171A01029,FEDERALBNK
NSE_EQ|INE860A01027,HCLTECH
NSE_EQ|INE742F01042,ADANIPORTS
NSE_EQ|INE361B01024,DIVISLAB
NSE_EQ|INE669C01036,TECHM
NSE_EQ|INE271C01023,DLF
NSE_EQ|INE257A01026,BHEL
NSE_EQ|INE591G01025,COFORGE
NSE_EQ|INE089A01031,DRREDDY
NSE_EQ|INE262H01021,PERSISTENT
NSE_EQ|INE154A01025,ITC
NSE_EQ|INE030A01027,HINDUNILVR
NSE_EQ|INE814H01029,ADANIPOWER
NSE_EQ|INE721A01047,SHRIRAMFIN
NSE_EQ|INE018A01030,LT
NSE_EQ|INE160A01022,PNB
NSE_EQ|INE935N01020,DIXON
NSE_EQ|INE192R01011,DMART
NSE_EQ|INE647A01010,SRF
NSE_EQ|INE044A01036,SUNPHARMA
NSE_EQ|INE733E01010,NTPC
NSE_EQ|INE040H01021,SUZLON
NSE_EQ|INE114A01011,SAIL
NSE_EQ|INE455K01017,POLYCAB
NSE_EQ|INE670K01029,LODHA
NSE_EQ|INE585B01010,MARUTI
NSE_EQ|INE067A01029,CGPOWER
NSE_EQ|INE079A01024,AMBUJACEM
NSE_EQ|INE263A01024,BEL
NSE_EQ|INE121J01017,INDUSTOWER
NSE_EQ|INE481G01011,ULTRACEMCO
NSE_EQ|INE081A01020,TATASTEEL
NSE_EQ|INE947Q01028,LAURUSLABS
NSE_EQ|INE028A01039,BANKBARODA
NSE_EQ|INE121A01024,CHOLAFIN
NSE_EQ|INE092T01019,IDFCFIRSTB
NSE_EQ|INE437A01024,APOLLOHOSP
NSE_EQ|INE685A01028,TORNTPHARM
NSE_EQ|INE982J01020,PAYTM
NSE_EQ|INE758E01017,JIOFIN
NSE_EQ|INE465A01025,BHARATFORG
NSE_EQ|INE949L01017,AUBANK
NSE_EQ|INE242A01010,IOC
NSE_EQ|INE377N01017,WAAREEENER
NSE_EQ|INE298A01020,CUMMINSIND
NSE_EQ|INE094A01015,HINDPETRO
NSE_EQ|INE280A01028,TITAN
NSE_EQ|INE848E01016,NHPC
NSE_EQ|INE775A08105,MOTHERSON
NSE_EQ|INE155A01022,TMPV
NSE_EQ|INE073K01018,SONACOMS
NSE_EQ|INE118H01025,BSE
NSE_EQ|INE795G01014,HDFCLIFE
NSE_EQ|INE192A01025,TATACONSUM
NSE_EQ|INE018E01016,SBICARD
NSE_EQ|INE522F01014,COALINDIA
NSE_EQ|INE053A01029,INDHOTEL
NSE_EQ|INE692A01016,UNIONBANK
NSE_EQ|INE121E01018,JSWENERGY
NSE_EQ|INE935A01035,GLENMARK
NSE_EQ|INE208A01029,ASHOKLEY
NSE_EQ|INE918I01026,BAJAJFINSV
NSE_EQ|INE545U01014,BANDHANBNK
NSE_EQ|INE414G01012,MUTHOOTFIN
NSE_EQ|INE498L01015,LTF
NSE_EQ|INE200M01039,VBL
NSE_EQ|INE117A01022,ABB
NSE_EQ|INE745G01043,MCX
NSE_EQ|INE356A01018,MPHASIS
NSE_EQ|INE854D01024,UNITDSPR
NSE_EQ|INE388Y01029,NYKAA
NSE_EQ|INE127D01025,HDFCAMC
NSE_EQ|INE029A01011,BPCL
NSE_EQ|INE214T01019,LTM
NSE_EQ|INE376G01013,BIOCON
NSE_EQ|INE003A01024,SIEMENS
NSE_EQ|INE239A01024,NESTLEIND
NSE_EQ|INE00H001014,SWIGGY
NSE_EQ|INE326A01037,LUPIN
NSE_EQ|INE021A01026,ASIANPAINT
NSE_EQ|INE522D01027,MANAPPURAM
NSE_EQ|INE303R01014,KALYANKJIL
NSE_EQ|INE066F01020,HAL
NSE_EQ|INE139A01034,NATIONALUM
NSE_EQ|INE674K01013,ABCAPITAL
NSE_EQ|INE216A01030,BRITANNIA
NSE_EQ|INE129A01019,GAIL
NSE_EQ|INE123W01016,SBILIFE
NSE_EQ|INE07Y701011,POWERINDIA
NSE_EQ|INE528G01035,YESBANK
NSE_EQ|INE323A01026,BOSCHLTD
NSE_EQ|INE663F01032,NAUKRI
NSE_EQ|INE213A01029,ONGC
NSE_EQ|INE484J01027,GODREJPROP
NSE_EQ|INE070A01015,SHREECEM
NSE_EQ|INE006I01046,ASTRAL
NSE_EQ|INE027H01010,MAXHEALTH
NSE_EQ|INE093I01010,OBEROIRLTY
NSE_EQ|INE249Z01020,MAZDOCK
NSE_EQ|INE274J01014,OIL
NSE_EQ|INE196A01026,MARICO
NSE_EQ|INE619A01035,PATANJALI
NSE_EQ|INE976G01028,RBLBANK
NSE_EQ|INE406A01037,AUROPHARMA
NSE_EQ|INE134E01011,PFC
NSE_EQ|INE752E01010,POWERGRID
NSE_EQ|INE761H01022,PAGEIND
NSE_EQ|INE010B01027,ZYDUSLIFE
NSE_EQ|INE01EA01019,VMM
NSE_EQ|INE562A01011,INDIANB
NSE_EQ|INE084A01016,BANKINDIA
NSE_EQ|INE020B01018,RECLTD
NSE_EQ|INE765G01017,ICICIGI
NSE_EQ|INE343H01029,SOLARINDS
